id,first_name,last_name,email,gender,ip_address
1,Flin,Shildrick,fshildrick0@wordpress.com,Male,53.237.17.138
2,Steve,Coda,scoda1@infoseek.co.jp,Male,116.228.64.97
3,Virge,Redwall,vredwall2@goo.gl,Male,159.202.219.31
4,Odetta,Theml,otheml3@bing.com,Female,168.25.232.184
5,Maximilian,Shury,mshury4@ehow.com,Male,26.162.140.167
6,Margaretta,Mateu,mmateu5@springer.com,Female,203.153.27.254
7,Hamlen,Dallewater,hdallewater6@1688.com,Polygender,20.209.209.251
8,Dynah,Givens,dgivens7@ihg.com,Female,246.73.217.117
9,Shay,Cancellieri,scancellieri8@discuz.net,Male,22.90.126.167
10,Westleigh,Wallentin,wwallentin9@telegraph.co.uk,Male,238.7.210.252
11,Cristiano,Rizzone,crizzonea@seattletimes.com,Male,120.60.42.208
12,Sergei,Satterley,ssatterleyb@rakuten.co.jp,Male,178.174.46.105
13,Perry,Pressnell,ppressnellc@shareasale.com,Male,121.17.63.13
14,Thurstan,Kembrey,tkembreyd@java.com,Male,84.14.137.54
15,Saree,Roundtree,sroundtreee@altervista.org,Genderqueer,189.101.143.95
16,Gaynor,Drable,gdrablef@icq.com,Female,121.192.245.9
17,Olly,Rigate,origateg@msu.edu,Non-binary,43.211.230.144
18,Courtnay,Blankman,cblankmanh@bigcartel.com,Female,223.98.55.240
19,Zacharias,Ibotson,zibotsoni@skype.com,Male,250.225.84.196
20,Chrotoem,Covendon,ccovendonj@a8.net,Male,4.81.55.28
21,Micheil,Moorwood,mmoorwoodk@xrea.com,Male,49.209.117.136
22,Wade,Edeler,wedelerl@cmu.edu,Male,61.188.51.56
23,Gwenneth,Dewire,gdewirem@home.pl,Female,112.163.89.110
24,Karon,Saur,ksaurn@craigslist.org,Female,229.83.228.27
25,Tina,Vokes,tvokeso@omniture.com,Female,172.189.160.221
26,Ondrea,Claris,oclarisp@usgs.gov,Female,46.66.39.162
27,Georgette,Skein,gskeinq@netscape.com,Female,99.45.232.76
28,Elias,Gatlin,egatlinr@shutterfly.com,Male,67.98.106.80
29,Mendel,Calderbank,mcalderbanks@themeforest.net,Male,16.162.68.158
30,Max,Durward,mdurwardt@mozilla.com,Female,84.1.71.120
31,Amye,Quant,aquantu@walmart.com,Female,218.145.126.204
32,Willabella,Tonkin,wtonkinv@yandex.ru,Female,132.181.182.8
33,Free,Ramard,framardw@cbslocal.com,Male,55.50.17.150
34,Egon,Chinnock,echinnockx@berkeley.edu,Male,74.178.70.159
35,Othilie,Spaight,ospaighty@1688.com,Female,56.79.67.115
36,Katerina,Perchard,kperchardz@blogger.com,Female,80.191.203.216
37,Fancy,Oxtoby,foxtoby10@imdb.com,Female,81.32.186.183
38,Geordie,Goare,ggoare11@networksolutions.com,Agender,82.165.105.43
39,Alexa,Joontjes,ajoontjes12@theguardian.com,Female,166.51.206.125
40,Rowan,Dunaway,rdunaway13@ihg.com,Male,209.71.211.150
41,Leta,Gooderson,lgooderson14@icq.com,Female,254.42.129.239
42,Ezmeralda,BURWIN,eburwin15@geocities.com,Female,184.4.67.222
43,Marabel,Kleynen,mkleynen16@php.net,Female,108.130.231.138
44,Erny,Webben,ewebben17@prweb.com,Male,133.233.98.238
45,Teresina,Inglesfield,tinglesfield18@360.cn,Female,64.148.49.91
46,Blaine,Mathewes,bmathewes19@skype.com,Male,166.79.161.210
47,Humberto,Corbert,hcorbert1a@reddit.com,Male,177.23.164.156
48,Elisabet,Micklewicz,emicklewicz1b@mapy.cz,Female,165.252.227.206
49,Roseanne,Waything,rwaything1c@msu.edu,Female,106.100.45.182
50,Bryana,Berston,bberston1d@com.com,Female,96.130.208.142
51,Kirbie,Goldes,kgoldes1e@ibm.com,Female,247.170.29.129
52,Orran,Lynas,olynas1f@usgs.gov,Male,32.41.138.105
53,Roseline,Lester,rlester1g@walmart.com,Female,127.253.136.160
54,Zelda,Bruhnicke,zbruhnicke1h@tinypic.com,Female,197.61.109.190
55,Peria,Ysson,pysson1i@phoca.cz,Female,244.43.170.232
56,Leroy,Blacklidge,lblacklidge1j@mayoclinic.com,Male,160.57.59.192
57,Theo,Moralas,tmoralas1k@e-recht24.de,Male,79.213.177.58
58,Meryl,Shepstone,mshepstone1l@abc.net.au,Male,65.134.160.158
59,Harv,Ramsdale,hramsdale1m@deliciousdays.com,Male,246.201.196.230
60,Jeffrey,Moscone,jmoscone1n@geocities.jp,Male,100.243.11.119
61,Lynelle,Mound,lmound1o@php.net,Female,192.250.41.4
62,Dunstan,Grendon,dgrendon1p@squarespace.com,Male,57.94.162.2
63,Gracia,Formby,gformby1q@addthis.com,Female,13.92.111.79
64,Dosi,Winstone,dwinstone1r@123-reg.co.uk,Female,113.205.58.106
65,Lotty,Steeples,lsteeples1s@independent.co.uk,Female,180.25.27.65
66,Harlan,Doudny,hdoudny1t@imgur.com,Male,181.148.116.40
67,Avivah,Arnaldi,aarnaldi1u@yandex.ru,Female,192.55.65.181
68,Joane,Scoon,jscoon1v@usnews.com,Female,147.35.175.15
69,Jasper,Bolles,jbolles1w@delicious.com,Male,156.86.39.32
70,Bebe,Greenslade,bgreenslade1x@wordpress.org,Female,42.147.156.196
71,Meade,Lilliman,mlilliman1y@unicef.org,Female,126.178.114.47
72,Candace,Picardo,cpicardo1z@hhs.gov,Female,245.142.140.11
73,Kelcey,Greaser,kgreaser20@paypal.com,Female,106.221.170.187
74,Allie,Morl,amorl21@oracle.com,Male,215.23.169.146
75,Juli,Aldred,jaldred22@amazon.co.uk,Female,68.103.203.153
76,Aksel,Cabera,acabera23@usda.gov,Male,58.150.101.253
77,Bobinette,Gumey,bgumey24@examiner.com,Female,6.182.4.148
78,Delores,Rainon,drainon25@nature.com,Female,153.211.188.102
79,Elvira,Garroch,egarroch26@zdnet.com,Female,67.85.239.3
80,Alida,Deinert,adeinert27@fc2.com,Female,90.89.141.115
81,Lance,Shrubshall,lshrubshall28@elegantthemes.com,Male,252.151.134.226
82,Dorena,MacFarlane,dmacfarlane29@upenn.edu,Female,105.67.165.47
83,Joann,Abells,jabells2a@tinypic.com,Female,200.33.238.57
84,Doralyn,Menghi,dmenghi2b@last.fm,Female,135.28.69.65
85,Joella,Archanbault,jarchanbault2c@bloglines.com,Female,190.200.191.232
86,Deanna,Durno,ddurno2d@discovery.com,Female,172.175.63.227
87,Rafaellle,Pane,rpane2e@phoca.cz,Male,78.185.107.107
88,Ladonna,Paolo,lpaolo2f@stumbleupon.com,Female,105.223.225.178
89,Teresina,Kertess,tkertess2g@businessinsider.com,Female,127.212.216.49
90,Lotte,Fuidge,lfuidge2h@wordpress.com,Female,44.5.95.169
91,Gaye,Remmers,gremmers2i@rediff.com,Female,53.52.238.141
92,Francisco,Fitzsymonds,ffitzsymonds2j@ihg.com,Male,54.233.55.125
93,Vin,Brood,vbrood2k@cloudflare.com,Female,103.62.146.52
94,Sarah,Pink,spink2l@state.tx.us,Female,225.64.155.70
95,Alfreda,Crut,acrut2m@sbwire.com,Female,93.128.184.7
96,Michail,Penritt,mpenritt2n@topsy.com,Male,138.47.136.110
97,Merrielle,Dodle,mdodle2o@comcast.net,Female,164.84.113.3
98,Alix,Kleiser,akleiser2p@etsy.com,Female,69.41.24.192
99,Sylvester,Barta,sbarta2q@hud.gov,Male,110.194.94.35
100,Corrianne,Swatman,cswatman2r@vimeo.com,Female,0.147.235.247
101,Hobie,Shynn,hshynn2s@google.de,Male,107.177.62.141
102,Georgi,Lawtey,glawtey2t@fda.gov,Male,156.33.88.92
103,Rikki,Bohills,rbohills2u@walmart.com,Female,7.32.214.114
104,Meredeth,Cloney,mcloney2v@mapy.cz,Male,173.93.121.241
105,Poul,Massard,pmassard2w@weather.com,Male,112.173.53.235
106,Joya,Fraczek,jfraczek2x@yellowpages.com,Female,8.252.68.164
107,Georg,Dewis,gdewis2y@wikispaces.com,Male,96.45.242.219
108,Reube,Grigore,rgrigore2z@wired.com,Agender,214.100.245.95
109,Trey,Adamsen,tadamsen30@foxnews.com,Male,79.56.32.214
110,Sal,Sidwell,ssidwell31@archive.org,Male,187.214.143.117
111,Carlo,Bullman,cbullman32@noaa.gov,Male,47.238.160.73
112,Bertine,Balwin,bbalwin33@paypal.com,Female,34.232.70.228
113,Lambert,Campion,lcampion34@nhs.uk,Male,225.241.29.167
114,Philbert,Figger,pfigger35@constantcontact.com,Male,232.75.30.65
115,Brocky,Whatling,bwhatling36@seesaa.net,Male,221.115.170.0
116,Anitra,Beverage,abeverage37@narod.ru,Female,123.81.232.233
117,Aviva,Rosenfield,arosenfield38@nature.com,Female,196.213.184.239
118,Nelly,Hovenden,nhovenden39@irs.gov,Female,100.236.185.138
119,Talbot,Richemont,trichemont3a@fastcompany.com,Male,87.90.217.255
120,Mal,Assiter,massiter3b@ox.ac.uk,Male,93.227.227.226
121,Colette,Walne,cwalne3c@google.com,Female,233.157.88.200
122,Curtice,Dorracott,cdorracott3d@aboutads.info,Male,66.18.49.240
123,Griffie,Corsham,gcorsham3e@surveymonkey.com,Male,57.65.4.168
124,Jud,Peachment,jpeachment3f@histats.com,Male,99.22.247.84
125,Maegan,Gallear,mgallear3g@mac.com,Agender,5.160.71.158
126,Meris,Kynastone,mkynastone3h@washington.edu,Female,165.254.207.190
127,Kaylil,Alliker,kalliker3i@php.net,Female,21.89.170.68
128,Carlie,Mattiato,cmattiato3j@oakley.com,Male,53.46.22.67
129,Dominique,Hegdonne,dhegdonne3k@jiathis.com,Polygender,240.115.151.73
130,Mable,Freckingham,mfreckingham3l@businessweek.com,Female,33.227.71.57
131,Iorgo,Lytle,ilytle3m@howstuffworks.com,Male,36.3.66.36
132,Beryl,King,bking3n@vistaprint.com,Female,154.78.52.29
133,Chelsae,Buzzing,cbuzzing3o@cam.ac.uk,Female,46.7.233.205
134,Ronica,Iacovini,riacovini3p@wikispaces.com,Female,214.190.42.228
135,Aldo,Haslewood,ahaslewood3q@indiatimes.com,Male,130.245.169.108
136,Maryanne,Nansom,mnansom3r@rediff.com,Female,17.102.175.202
137,Konrad,Christofle,kchristofle3s@marketwatch.com,Male,223.117.24.103
138,Lulu,Idenden,lidenden3t@meetup.com,Female,57.5.38.213
139,Xenos,Lilbourne,xlilbourne3u@sogou.com,Male,78.140.184.233
140,Farrah,Selwyn,fselwyn3v@toplist.cz,Polygender,159.225.21.221
141,Saree,Wrennall,swrennall3w@columbia.edu,Female,47.138.57.45
142,Wesley,Cavie,wcavie3x@columbia.edu,Male,61.178.83.145
143,Nikkie,Franchyonok,nfranchyonok3y@eventbrite.com,Female,177.109.2.22
144,Nicko,Pawsey,npawsey3z@pinterest.com,Male,81.220.39.54
145,Arnie,MacRory,amacrory40@jigsy.com,Male,65.153.158.39
146,Toiboid,Cadalleder,tcadalleder41@cafepress.com,Male,12.75.196.230
147,Fleurette,Monkeman,fmonkeman42@telegraph.co.uk,Female,39.2.86.87
148,Harriott,Yankishin,hyankishin43@istockphoto.com,Female,35.217.129.196
149,Jonie,Pache,jpache44@wisc.edu,Female,124.78.232.244
150,Wilburt,Crosby,wcrosby45@cnn.com,Male,174.229.103.202
151,Katrine,Wisher,kwisher46@pinterest.com,Female,105.180.20.50
152,Ruthanne,Fitzgerald,rfitzgerald47@soundcloud.com,Female,32.220.228.36
153,Bret,Bainbridge,bbainbridge48@vk.com,Male,233.105.128.79
154,Bernete,Kits,bkits49@blog.com,Female,220.26.1.176
155,Ronica,Brody,rbrody4a@arizona.edu,Female,225.169.227.139
156,Griselda,Yansons,gyansons4b@biglobe.ne.jp,Female,200.248.107.77
157,Darwin,Nanson,dnanson4c@umich.edu,Male,231.210.138.245
158,Charlotta,Bugdall,cbugdall4d@economist.com,Female,68.11.76.43
159,Leyla,Gouldie,lgouldie4e@google.cn,Bigender,198.66.4.85
160,Lemar,Goddert.sf,lgoddertsf4f@java.com,Male,175.91.116.120
161,Maxine,Kimpton,mkimpton4g@earthlink.net,Female,198.186.61.191
162,Fraze,Gershom,fgershom4h@scientificamerican.com,Male,20.60.140.161
163,Yorker,Tibbles,ytibbles4i@opensource.org,Male,29.179.61.86
164,Harley,Petti,hpetti4j@scribd.com,Male,253.194.124.84
165,Greta,Vizor,gvizor4k@ucoz.com,Female,204.161.203.38
166,Dwain,Steventon,dsteventon4l@seesaa.net,Male,136.200.173.54
167,Hoyt,Culshew,hculshew4m@comcast.net,Male,208.149.73.199
168,Dannie,Basnall,dbasnall4n@wordpress.com,Polygender,210.109.190.248
169,Petronille,Beardsley,pbeardsley4o@behance.net,Female,230.76.212.145
170,Whitney,Badam,wbadam4p@ehow.com,Female,16.57.47.148
171,Riva,Scholig,rscholig4q@fc2.com,Genderqueer,171.159.107.127
172,Sophi,Grishinov,sgrishinov4r@blogspot.com,Female,199.246.41.20
173,Pansy,Jays,pjays4s@bloglovin.com,Polygender,58.73.169.220
174,Marnia,Rastall,mrastall4t@surveymonkey.com,Female,204.51.12.136
175,Clevie,Ackroyd,cackroyd4u@g.co,Male,91.208.223.5
176,Reba,Pfeffer,rpfeffer4v@friendfeed.com,Female,194.236.166.84
177,Garrick,Ripping,gripping4w@clickbank.net,Male,135.152.33.73
178,Jacquelin,Burder,jburder4x@ocn.ne.jp,Female,61.165.161.0
179,Donnie,Boreham,dboreham4y@skype.com,Female,30.103.118.164
180,Bruis,Delle,bdelle4z@ft.com,Male,56.34.161.193
181,Ryley,Deschlein,rdeschlein50@vistaprint.com,Male,216.160.245.132
182,Vinita,Iggo,viggo51@ustream.tv,Female,118.220.123.44
183,Lelah,Lynch,llynch52@blogspot.com,Agender,112.103.197.119
184,Gottfried,Roalfe,groalfe53@slate.com,Male,126.86.141.164
185,Elisha,Carren,ecarren54@diigo.com,Female,229.37.88.151
186,Aharon,Dessent,adessent55@chron.com,Male,126.115.197.186
187,Alyosha,Letty,aletty56@cocolog-nifty.com,Bigender,73.156.24.37
188,Tedda,Davall,tdavall57@bing.com,Bigender,196.70.213.239
189,Vasily,Vibert,vvibert58@blogs.com,Male,34.240.30.140
190,Raye,Terzi,rterzi59@state.tx.us,Female,236.9.35.34
191,Dasie,Newlin,dnewlin5a@squidoo.com,Female,127.192.148.124
192,Loutitia,Upcott,lupcott5b@unblog.fr,Female,221.245.230.243
193,Saundra,Bowling,sbowling5c@php.net,Male,118.111.68.222
194,Pail,Leabeater,pleabeater5d@hexun.com,Male,116.50.206.196
195,Cati,Walles,cwalles5e@tinypic.com,Female,178.10.51.57
196,Martin,Marklew,mmarklew5f@miitbeian.gov.cn,Male,31.206.44.185
197,Corilla,Jeavon,cjeavon5g@is.gd,Genderfluid,134.1.7.18
198,Mannie,Raubenheimer,mraubenheimer5h@java.com,Male,192.132.211.37
199,Dorothy,Zecchetti,dzecchetti5i@blogs.com,Female,226.41.176.67
200,Raimund,Mallam,rmallam5j@msn.com,Male,135.127.144.164
201,Lavina,Ouldred,louldred5k@thetimes.co.uk,Female,117.35.209.200
202,Brady,Smeath,bsmeath5l@cmu.edu,Male,198.49.214.21
203,Henrik,Bonde,hbonde5m@typepad.com,Agender,243.179.56.240
204,Vlad,Stanistreet,vstanistreet5n@techcrunch.com,Male,192.81.101.193
205,Margarethe,Sperwell,msperwell5o@yellowpages.com,Non-binary,226.64.68.107
206,Marcella,Le Surf,mlesurf5p@sciencedirect.com,Female,159.17.40.214
207,Cami,Benstead,cbenstead5q@linkedin.com,Female,1.222.193.77
208,Rubin,Collard,rcollard5r@cbslocal.com,Male,47.118.5.221
209,Hugo,Olivazzi,holivazzi5s@nature.com,Male,126.49.19.188
210,Amil,Coulsen,acoulsen5t@naver.com,Female,88.93.33.135
211,Burl,Fairall,bfairall5u@google.es,Polygender,5.61.58.85
212,Sherill,Wille,swille5v@nps.gov,Female,12.129.35.77
213,Roshelle,Vink,rvink5w@china.com.cn,Female,25.236.45.190
214,Petronilla,Malam,pmalam5x@wikimedia.org,Female,148.31.176.169
215,Simonne,Karoly,skaroly5y@fotki.com,Female,82.99.180.128
216,Judah,Higford,jhigford5z@illinois.edu,Male,222.233.208.114
217,Jarrett,Leander,jleander60@techcrunch.com,Male,240.80.227.76
218,Ariella,Boater,aboater61@latimes.com,Female,38.59.252.121
219,Rahel,Chattoe,rchattoe62@discuz.net,Female,136.34.250.92
220,Caresse,Vasyagin,cvasyagin63@hhs.gov,Female,215.59.116.20
221,Cristin,Guerriero,cguerriero64@blogger.com,Female,237.233.85.216
222,Ange,Priditt,apriditt65@ow.ly,Female,192.50.95.135
223,Hercules,Phillps,hphillps66@narod.ru,Male,214.96.60.251
224,Elinor,Shall,eshall67@t.co,Female,250.247.161.162
225,Fulton,Whiteway,fwhiteway68@goodreads.com,Male,189.102.70.100
226,Clarie,Ferreira,cferreira69@msu.edu,Female,131.212.188.109
227,Livy,Ioselevich,lioselevich6a@stumbleupon.com,Female,9.72.222.73
228,Kev,Sowthcote,ksowthcote6b@blog.com,Male,98.176.123.19
229,Frederik,Naisbitt,fnaisbitt6c@nps.gov,Male,148.133.102.223
230,Marijo,Mabson,mmabson6d@sitemeter.com,Female,183.135.242.78
231,Holly,Feehan,hfeehan6e@squarespace.com,Male,232.39.227.203
232,Barri,Hickford,bhickford6f@telegraph.co.uk,Male,190.191.106.123
233,Elroy,Haruard,eharuard6g@forbes.com,Male,166.196.108.17
234,Bennett,Van den Hof,bvandenhof6h@redcross.org,Male,139.247.154.162
235,Darcey,Goodreid,dgoodreid6i@nytimes.com,Female,60.19.74.207
236,Faythe,Lethbrig,flethbrig6j@ucsd.edu,Female,217.181.216.188
237,Wilhelm,MacAscaidh,wmacascaidh6k@cisco.com,Male,229.80.221.41
238,Barnabas,Uppett,buppett6l@simplemachines.org,Male,236.179.142.29
239,Waldo,Wadhams,wwadhams6m@nydailynews.com,Male,106.244.41.159
240,Lars,Simmons,lsimmons6n@seattletimes.com,Male,172.125.179.112
241,Mata,Debrick,mdebrick6o@cafepress.com,Male,225.193.59.244
242,Anatole,Tookill,atookill6p@php.net,Male,138.77.10.33
243,Adoree,Georgot,ageorgot6q@usgs.gov,Female,33.226.5.29
244,Mallory,Trehearn,mtrehearn6r@mac.com,Female,246.101.74.55
245,Micah,Gwynne,mgwynne6s@opera.com,Male,203.33.31.23
246,Weider,Anersen,wanersen6t@fema.gov,Male,140.7.71.92
247,Nev,Presnell,npresnell6u@msn.com,Male,245.66.55.224
248,Kristy,D'Adda,kdadda6v@google.de,Female,206.165.191.129
249,Vicky,Callen,vcallen6w@csmonitor.com,Female,54.171.205.70
250,Briant,Junkin,bjunkin6x@ucsd.edu,Genderqueer,52.245.4.90
251,Phoebe,Elcoux,pelcoux6y@webeden.co.uk,Female,152.25.236.94
252,Clive,Stitcher,cstitcher6z@plala.or.jp,Male,185.196.31.41
253,Sally,Leguey,sleguey70@hhs.gov,Female,211.174.65.178
254,Daffie,Greenhow,dgreenhow71@mac.com,Female,251.86.229.151
255,Seymour,Birkenhead,sbirkenhead72@jimdo.com,Male,134.132.246.225
256,Fremont,Hexham,fhexham73@facebook.com,Male,90.224.189.22
257,Sherlocke,Skrzynski,sskrzynski74@woothemes.com,Male,40.108.169.125
258,Yardley,Skittles,yskittles75@theguardian.com,Male,90.255.190.203
259,Alphonse,Straffon,astraffon76@sphinn.com,Male,205.125.157.129
260,Arlan,Roscamp,aroscamp77@msn.com,Male,99.30.110.203
261,Jodee,Boarer,jboarer78@fema.gov,Female,185.92.243.194
262,Tracey,Dran,tdran79@time.com,Female,131.100.93.61
263,Nappie,Skillington,nskillington7a@wunderground.com,Male,44.192.196.242
264,Hyacinthe,Skrines,hskrines7b@quantcast.com,Female,235.13.146.72
265,Ephrayim,Ungerer,eungerer7c@webs.com,Male,183.173.174.105
266,Brod,Kingett,bkingett7d@mac.com,Male,165.59.200.213
267,Mikael,Caudle,mcaudle7e@aol.com,Male,112.154.59.76
268,Leopold,Allatt,lallatt7f@google.com,Male,175.178.20.57
269,Shannan,Lagne,slagne7g@typepad.com,Male,32.1.92.181
270,Lilas,Chainey,lchainey7h@stumbleupon.com,Female,186.117.181.243
271,Gael,Pincked,gpincked7i@jimdo.com,Female,21.85.244.92
272,Wenona,Bertenshaw,wbertenshaw7j@psu.edu,Female,63.193.238.127
273,Reinald,Skill,rskill7k@vistaprint.com,Male,178.165.128.190
274,Dallon,Fowlston,dfowlston7l@elpais.com,Male,22.136.71.248
275,Mace,Maddin,mmaddin7m@mapquest.com,Male,89.158.76.153
276,Marilyn,Bissiker,mbissiker7n@xinhuanet.com,Female,242.183.251.87
277,Patton,Frearson,pfrearson7o@nyu.edu,Male,183.64.11.137
278,Salaidh,Darrigone,sdarrigone7p@vistaprint.com,Female,10.114.1.166
279,Read,Marushak,rmarushak7q@statcounter.com,Male,14.65.86.70
280,Annemarie,Houlton,ahoulton7r@posterous.com,Female,36.158.48.62
281,Broddie,Clutterbuck,bclutterbuck7s@baidu.com,Male,67.83.14.80
282,Euphemia,Vauter,evauter7t@phoca.cz,Female,150.28.6.220
283,Audrie,Crips,acrips7u@marriott.com,Female,58.203.210.174
284,Keith,Siverns,ksiverns7v@washington.edu,Male,165.207.31.16
285,Noellyn,Folonin,nfolonin7w@omniture.com,Female,193.64.200.10
286,Kakalina,Tasseler,ktasseler7x@nationalgeographic.com,Female,232.190.71.158
287,Margalit,Fordy,mfordy7y@webs.com,Female,26.89.16.200
288,Nalani,Kayzer,nkayzer7z@liveinternet.ru,Female,239.77.128.192
289,Fawn,Taverner,ftaverner80@ameblo.jp,Bigender,153.95.49.177
290,Glenna,De'Vere - Hunt,gdeverehunt81@discovery.com,Female,183.134.116.130
291,Francyne,Lowseley,flowseley82@cloudflare.com,Female,17.14.10.55
292,Claire,Bome,cbome83@comsenz.com,Polygender,253.4.132.205
293,Sadie,Rouf,srouf84@about.me,Female,59.216.67.189
294,Willie,Gerlts,wgerlts85@photobucket.com,Male,149.160.239.155
295,Jilly,Metcalf,jmetcalf86@meetup.com,Female,143.208.110.36
296,Boycey,Rougier,brougier87@seattletimes.com,Male,250.175.237.148
297,Emmet,Garton,egarton88@ca.gov,Male,21.5.16.190
298,Chandler,Borghese,cborghese89@msn.com,Male,232.150.35.237
299,Halsey,Hassan,hhassan8a@census.gov,Male,144.137.58.243
300,Kennie,Kisar,kkisar8b@wsj.com,Male,96.127.65.32
301,Dalton,Castellan,dcastellan8c@webeden.co.uk,Male,2.27.139.28
302,Giraldo,Longden,glongden8d@lulu.com,Agender,166.222.194.170
303,Eli,Giraudo,egiraudo8e@usnews.com,Male,166.172.4.9
304,Stafani,Wyman,swyman8f@who.int,Female,90.174.214.185
305,Oswell,Szachniewicz,oszachniewicz8g@imgur.com,Male,213.62.16.190
306,Peg,Espinas,pespinas8h@moonfruit.com,Female,170.54.117.190
307,Brandy,Jachimak,bjachimak8i@addtoany.com,Male,220.247.1.78
308,Clyde,Selwin,cselwin8j@1und1.de,Male,219.232.68.153
309,Jillene,Klimas,jklimas8k@toplist.cz,Female,231.244.150.220
310,Bren,Simpson,bsimpson8l@narod.ru,Male,73.46.158.81
311,Wilhelmine,Stickley,wstickley8m@un.org,Female,64.137.148.143
312,Vitoria,Marval,vmarval8n@chicagotribune.com,Female,115.44.202.31
313,Roze,Brabbs,rbrabbs8o@thetimes.co.uk,Female,95.118.117.70
314,Mildrid,Cloute,mcloute8p@desdev.cn,Female,142.172.9.198
315,Kaylil,Ridges,kridges8q@cmu.edu,Female,21.188.56.96
316,Mattheus,Rous,mrous8r@nytimes.com,Male,97.116.216.213
317,Monti,Alexsandrev,malexsandrev8s@hostgator.com,Male,181.228.132.113
318,Porter,Bracco,pbracco8t@ifeng.com,Male,32.225.91.208
319,Kimball,Tourot,ktourot8u@eventbrite.com,Male,155.204.130.119
320,Amanda,Eastcott,aeastcott8v@infoseek.co.jp,Female,1.176.188.20
321,Joaquin,Barlas,jbarlas8w@nydailynews.com,Male,136.238.216.248
322,Yehudit,Wooles,ywooles8x@scribd.com,Male,137.12.3.196
323,Ardelle,Vaughton,avaughton8y@nydailynews.com,Female,132.11.55.31
324,Karon,Tiptaft,ktiptaft8z@berkeley.edu,Female,156.117.120.29
325,Angelina,Filde,afilde90@paypal.com,Female,122.18.155.171
326,Ralph,Itzig,ritzig91@aboutads.info,Male,210.7.63.103
327,Anjanette,Virgo,avirgo92@biblegateway.com,Polygender,193.159.245.235
328,Ingmar,Bassingham,ibassingham93@hostgator.com,Male,28.1.155.80
329,Sergio,Greenshields,sgreenshields94@princeton.edu,Agender,159.94.217.68
330,Abram,Suttell,asuttell95@mayoclinic.com,Male,180.232.191.60
331,Ignazio,Goodbairn,igoodbairn96@sakura.ne.jp,Male,119.51.232.6
332,Ruben,Gosnall,rgosnall97@ocn.ne.jp,Male,201.2.15.105
333,Peggy,Craigie,pcraigie98@umich.edu,Female,36.37.171.234
334,Ardelle,Radborne,aradborne99@istockphoto.com,Polygender,23.192.48.226
335,Juli,Artin,jartin9a@theatlantic.com,Female,37.200.236.74
336,Nani,Padgett,npadgett9b@mediafire.com,Female,166.199.197.119
337,Jourdain,Gever,jgever9c@state.gov,Male,241.8.24.44
338,Theo,Jenkerson,tjenkerson9d@infoseek.co.jp,Male,185.192.126.48
339,Horatio,Trumpeter,htrumpeter9e@gnu.org,Male,135.25.75.82
340,Dalia,Watsam,dwatsam9f@nps.gov,Female,200.66.93.245
341,Eustace,Philott,ephilott9g@ibm.com,Male,107.53.38.175
342,Herbert,Cranke,hcranke9h@ocn.ne.jp,Male,251.126.97.215
343,Viviene,Boxell,vboxell9i@accuweather.com,Female,193.88.254.144
344,Sunshine,Harrington,sharrington9j@craigslist.org,Female,125.168.175.54
345,Bessy,Chezelle,bchezelle9k@goo.ne.jp,Female,247.251.239.7
346,Bradney,Amaya,bamaya9l@themeforest.net,Male,175.216.94.22
347,Kermit,Laughton,klaughton9m@berkeley.edu,Male,253.118.78.40
348,Milli,Strettell,mstrettell9n@berkeley.edu,Female,8.237.202.248
349,Randolf,Cantillion,rcantillion9o@wordpress.com,Male,27.73.63.161
350,Saul,Harborow,sharborow9p@reuters.com,Male,249.127.237.158
351,Minta,Sweeny,msweeny9q@time.com,Female,91.29.173.90
352,Stormy,Guthrum,sguthrum9r@mayoclinic.com,Female,99.110.201.97
353,Eba,Laffling,elaffling9s@pcworld.com,Female,77.165.82.21
354,Graehme,Matzen,gmatzen9t@dailymotion.com,Male,64.88.94.113
355,Alessandra,Fleay,afleay9u@japanpost.jp,Female,30.182.210.144
356,Gay,Mauchlen,gmauchlen9v@vistaprint.com,Male,248.199.159.200
357,Felicio,Gulleford,fgulleford9w@ftc.gov,Male,20.207.145.150
358,Stesha,Mantripp,smantripp9x@blogspot.com,Female,43.87.92.58
359,Oberon,Wainer,owainer9y@un.org,Male,238.225.54.249
360,Sibley,Swannick,sswannick9z@usatoday.com,Genderqueer,10.219.134.229
361,Hank,Blabber,hblabbera0@simplemachines.org,Male,100.94.186.134
362,Maud,Bauckham,mbauckhama1@wordpress.org,Female,229.137.169.3
363,Rudie,Lukasen,rlukasena2@columbia.edu,Male,127.120.232.145
364,Lazarus,Vittori,lvittoria3@ibm.com,Male,252.27.55.55
365,Rosette,Hakonsen,rhakonsena4@altervista.org,Female,109.17.21.173
366,Ryan,Lancley,rlancleya5@dot.gov,Male,188.52.1.116
367,Massimiliano,Castillo,mcastilloa6@cbc.ca,Male,190.124.66.202
368,Phaidra,Stother,pstothera7@netlog.com,Polygender,38.156.238.89
369,Mallorie,Southcomb,msouthcomba8@uol.com.br,Genderfluid,164.251.138.77
370,Egan,Corson,ecorsona9@hc360.com,Male,18.177.40.214
371,Fabien,Gatley,fgatleyaa@about.me,Agender,190.148.5.75
372,Malinda,Barke,mbarkeab@mail.ru,Female,82.19.77.237
373,Edita,Duetsche,eduetscheac@cargocollective.com,Female,166.66.53.179
374,Loise,Clery,lcleryad@etsy.com,Female,188.245.3.28
375,Rufe,Chappelow,rchappelowae@arizona.edu,Male,59.198.199.235
376,Martha,Dobney,mdobneyaf@mashable.com,Female,247.48.123.165
377,Trescha,Brobyn,tbrobynag@hibu.com,Female,21.66.166.102
378,Nilson,Proswell,nproswellah@so-net.ne.jp,Non-binary,218.223.121.191
379,Taddeo,Gavan,tgavanai@blog.com,Male,178.84.142.38
380,Foster,Riseborough,friseboroughaj@columbia.edu,Male,41.198.41.5
381,Adolphus,Skillicorn,askillicornak@usatoday.com,Male,116.157.249.223
382,Craggie,Goodie,cgoodieal@patch.com,Male,145.131.159.83
383,Cecil,Bryning,cbryningam@hubpages.com,Female,113.25.247.220
384,Celia,Keasey,ckeaseyan@github.com,Female,85.102.160.113
385,Tait,Cardwell,tcardwellao@si.edu,Male,86.182.26.129
386,Mela,Bignall,mbignallap@cocolog-nifty.com,Female,193.243.254.230
387,Marlyn,Fasler,mfasleraq@instagram.com,Bigender,196.24.14.180
388,Papagena,Ivchenko,pivchenkoar@state.gov,Female,196.146.223.3
389,Morris,Jerrim,mjerrimas@whitehouse.gov,Male,76.119.180.96
390,Arnuad,Carrington,acarringtonat@sbwire.com,Male,222.124.240.43
391,Godart,Toten,gtotenau@discuz.net,Male,86.196.103.64
392,Alair,Windless,awindlessav@loc.gov,Male,254.129.2.85
393,Chane,Caney,ccaneyaw@shop-pro.jp,Male,168.8.25.54
394,Renie,Sans,rsansax@chron.com,Female,215.155.141.247
395,Ken,Truwert,ktruwertay@amazon.de,Male,137.222.254.71
396,Aurea,Fairnie,afairnieaz@wikimedia.org,Female,254.115.244.0
397,Guinna,Longina,glonginab0@jugem.jp,Female,227.5.16.10
398,Carrol,Poizer,cpoizerb1@51.la,Male,93.197.147.242
399,Ewan,Gorries,egorriesb2@wikispaces.com,Male,129.172.37.1
400,Dewey,Waltho,dwalthob3@desdev.cn,Male,138.81.198.8
401,Corette,Phillput,cphillputb4@parallels.com,Female,245.1.61.151
402,Corny,Strudwick,cstrudwickb5@istockphoto.com,Female,41.194.188.92
403,Zachariah,Surplice,zsurpliceb6@ebay.co.uk,Male,145.208.31.189
404,Gayelord,Kidstone,gkidstoneb7@youku.com,Male,242.32.246.92
405,Shannah,Offield,soffieldb8@networksolutions.com,Female,52.146.56.152
406,Kassi,Trenholm,ktrenholmb9@twitter.com,Female,207.64.202.168
407,Dale,Probert,dprobertba@pen.io,Male,198.105.123.234
408,Channa,Borres,cborresbb@networksolutions.com,Female,102.100.120.38
409,Gav,Cotton,gcottonbc@mapy.cz,Male,207.83.46.136
410,Zacharie,Connett,zconnettbd@utexas.edu,Male,85.29.150.64
411,Hugues,Cubbin,hcubbinbe@angelfire.com,Male,33.180.201.156
412,Conrad,Angliss,canglissbf@ucoz.ru,Male,72.104.61.210
413,Tyne,Pol,tpolbg@bluehost.com,Female,99.117.75.207
414,Madge,Moorwood,mmoorwoodbh@dedecms.com,Female,73.188.61.127
415,Katuscha,Guerreiro,kguerreirobi@delicious.com,Female,125.104.168.213
416,Kile,Kelsall,kkelsallbj@indiegogo.com,Male,228.137.96.241
417,Nikolas,Goodlett,ngoodlettbk@dmoz.org,Male,177.175.183.165
418,Bryce,Chamberlen,bchamberlenbl@gnu.org,Male,95.223.14.252
419,Bee,Conner,bconnerbm@creativecommons.org,Female,190.244.83.25
420,Abagael,Totaro,atotarobn@ihg.com,Female,141.189.137.241
421,Abie,Coop,acoopbo@miitbeian.gov.cn,Male,14.57.104.122
422,Modestine,Fetters,mfettersbp@google.pl,Female,114.19.54.89
423,Bethina,Sidwick,bsidwickbq@fotki.com,Female,247.224.17.255
424,Molli,McDill,mmcdillbr@ihg.com,Female,150.39.69.241
425,Tiffany,Azemar,tazemarbs@plala.or.jp,Female,140.207.9.51
426,Meghann,Cross,mcrossbt@samsung.com,Female,68.128.192.214
427,Hally,Goldbourn,hgoldbournbu@cnbc.com,Female,183.124.159.109
428,Dex,MacTimpany,dmactimpanybv@w3.org,Male,59.158.183.174
429,Ibbie,Harlett,iharlettbw@exblog.jp,Female,166.112.243.246
430,Michal,Tarry,mtarrybx@is.gd,Male,2.46.166.117
431,Andeee,Skipperbottom,askipperbottomby@etsy.com,Female,40.186.202.121
432,Gavrielle,Danilyak,gdanilyakbz@zimbio.com,Agender,195.115.97.14
433,Shellysheldon,Lattey,slatteyc0@nasa.gov,Male,185.177.140.173
434,Rogers,Brodest,rbrodestc1@theglobeandmail.com,Male,214.84.157.212
435,Renaud,Rundall,rrundallc2@msu.edu,Male,205.102.11.243
436,Udale,Odams,uodamsc3@princeton.edu,Genderqueer,230.131.74.239
437,Bel,Niccols,bniccolsc4@blogspot.com,Female,125.72.126.157
438,Kiah,Brearley,kbrearleyc5@umn.edu,Female,126.217.13.128
439,Doralin,Dornan,ddornanc6@imageshack.us,Female,242.125.62.2
440,Lyssa,Marde,lmardec7@vinaora.com,Female,48.56.56.53
441,Emmett,Milroy,emilroyc8@soundcloud.com,Male,51.129.122.194
442,Law,Learoid,llearoidc9@guardian.co.uk,Agender,86.88.200.68
443,Joeann,Halleybone,jhalleyboneca@zimbio.com,Female,249.55.101.172
444,Martynne,Trustrie,mtrustriecb@alexa.com,Female,188.156.244.177
445,Helenka,Looks,hlookscc@weebly.com,Female,146.254.205.204
446,Harley,Didsbury,hdidsburycd@spotify.com,Male,5.156.42.225
447,Merralee,Standall,mstandallce@plala.or.jp,Female,187.229.147.131
448,Whitby,Kruszelnicki,wkruszelnickicf@amazon.de,Genderfluid,139.226.191.222
449,Rory,Lait,rlaitcg@smugmug.com,Male,11.181.13.29
450,Paxton,Dhillon,pdhillonch@uol.com.br,Male,193.102.133.3
451,Isidro,Benasik,ibenasikci@newyorker.com,Male,201.255.248.67
452,Lou,Canario,lcanariocj@histats.com,Male,36.16.47.75
453,Jeno,Richarz,jricharzck@about.com,Non-binary,61.26.142.220
454,Katine,Spary,ksparycl@xinhuanet.com,Non-binary,237.3.222.190
455,Olympie,Forbes,oforbescm@earthlink.net,Female,224.128.38.125
456,Emmye,Ayliffe,eayliffecn@globo.com,Female,56.30.213.228
457,Rebeca,Carlson,rcarlsonco@mtv.com,Female,44.144.60.160
458,Patten,Demeza,pdemezacp@gravatar.com,Male,158.124.135.31
459,Eden,McBeath,emcbeathcq@examiner.com,Female,229.88.69.31
460,Lawton,Cromblehome,lcromblehomecr@discovery.com,Male,34.184.186.242
461,Penn,Parlet,pparletcs@ed.gov,Male,231.146.193.67
462,Alexandr,Voisey,avoiseyct@nytimes.com,Male,73.244.91.94
463,Kaiser,Alelsandrowicz,kalelsandrowiczcu@netlog.com,Bigender,148.148.160.64
464,Hubert,Kleinfeld,hkleinfeldcv@yandex.ru,Male,183.84.246.27
465,Brendis,Jenkison,bjenkisoncw@europa.eu,Male,228.34.105.133
466,Gerhard,Wathall,gwathallcx@washington.edu,Male,214.2.127.140
467,Celeste,Gilvary,cgilvarycy@newsvine.com,Female,72.36.19.62
468,Jonathan,Derycot,jderycotcz@printfriendly.com,Male,7.7.67.244
469,Gal,Yegorkin,gyegorkind0@forbes.com,Male,117.30.236.80
470,Jehu,Vigneron,jvignerond1@networksolutions.com,Male,78.68.181.77
471,Edith,Shoard,eshoardd2@eepurl.com,Female,183.49.156.128
472,Pat,Shirley,pshirleyd3@google.ru,Male,82.247.37.152
473,Darby,Monni,dmonnid4@creativecommons.org,Female,214.108.149.54
474,Antoinette,O'Lahy,aolahyd5@nytimes.com,Female,239.127.80.165
475,Bail,Craighill,bcraighilld6@scientificamerican.com,Male,169.136.11.182
476,Denys,Lewsy,dlewsyd7@csmonitor.com,Male,202.56.71.95
477,Lynda,Elloy,lelloyd8@xing.com,Female,243.167.222.75
478,Winn,Fawloe,wfawloed9@a8.net,Male,147.195.10.32
479,Tiffany,Januszewicz,tjanuszewiczda@netlog.com,Female,46.9.17.17
480,Worth,Povlsen,wpovlsendb@uiuc.edu,Male,156.255.217.26
481,Wallie,Tellwright,wtellwrightdc@rambler.ru,Polygender,6.243.40.226
482,Edythe,Boundey,eboundeydd@163.com,Female,84.189.238.180
483,Jerrine,McAirt,jmcairtde@tmall.com,Female,241.156.57.80
484,Rikki,Salthouse,rsalthousedf@edublogs.org,Agender,73.8.52.17
485,Paco,Geist,pgeistdg@youku.com,Male,40.226.66.19
486,Dorthea,O' Faherty,dofahertydh@reverbnation.com,Female,129.196.66.40
487,Irv,Ganter,iganterdi@elpais.com,Agender,36.33.158.101
488,Priscella,Langdale,plangdaledj@sciencedirect.com,Female,135.145.97.174
489,Harvey,Edling,hedlingdk@lycos.com,Male,132.99.207.83
490,Shem,Portam,sportamdl@artisteer.com,Male,28.218.140.121
491,Gerard,Muddicliffe,gmuddicliffedm@privacy.gov.au,Male,243.40.127.88
492,Aleece,Solomonides,asolomonidesdn@bloglovin.com,Bigender,162.170.207.251
493,Hinze,Houten,hhoutendo@google.ru,Male,128.40.37.83
494,Bobby,Burry,bburrydp@yandex.ru,Female,250.214.77.11
495,Ortensia,Conway,oconwaydq@1688.com,Female,65.220.7.58
496,Kath,Quye,kquyedr@macromedia.com,Female,39.218.222.121
497,Dix,Babin,dbabinds@thetimes.co.uk,Female,40.125.133.83
498,Giulio,Zorzutti,gzorzuttidt@tripod.com,Male,47.160.189.156
499,Bartolemo,Twidell,btwidelldu@usatoday.com,Male,73.196.170.14
500,Kaylee,Rissom,krissomdv@mtv.com,Female,101.152.168.24
501,Alejoa,Norsworthy,anorsworthydw@dion.ne.jp,Male,195.137.130.154
502,Regina,Reightley,rreightleydx@paginegialle.it,Female,91.92.226.12
503,Gayle,Aleevy,galeevydy@simplemachines.org,Female,183.50.37.213
504,Pepe,Tampion,ptampiondz@hubpages.com,Male,208.39.180.178
505,Travus,Glaister,tglaistere0@goo.gl,Male,200.186.36.240
506,Evelyn,Spoor,espoore1@census.gov,Female,57.12.68.188
507,Harriott,Rawsthorn,hrawsthorne2@imdb.com,Female,138.70.40.109
508,Cleveland,Malsher,cmalshere3@domainmarket.com,Male,52.252.86.112
509,Sarena,Spyby,sspybye4@goo.ne.jp,Female,87.243.64.138
510,Elvira,Kolinsky,ekolinskye5@cnbc.com,Polygender,92.76.166.15
511,Murvyn,Cheeld,mcheelde6@mac.com,Male,185.201.123.119
512,Arvin,Kingswood,akingswoode7@yellowpages.com,Genderfluid,68.120.254.86
513,Karolina,Savege,ksavegee8@ftc.gov,Female,189.97.222.173
514,Eudora,Gluyas,egluyase9@columbia.edu,Female,235.41.76.226
515,Kelby,Sockell,ksockellea@amazon.co.uk,Male,112.4.205.89
516,Herc,Espie,hespieeb@jimdo.com,Male,41.156.44.72
517,Eve,Filewood,efilewoodec@nature.com,Female,242.19.62.25
518,Marti,Borkett,mborketted@latimes.com,Female,231.135.116.171
519,Salome,Halliwell,shalliwellee@blog.com,Female,71.143.62.145
520,Lawton,Eggleson,legglesonef@gizmodo.com,Male,100.1.210.9
521,Deloria,Waldram,dwaldrameg@ask.com,Genderqueer,86.147.234.225
522,Glynda,Squeers,gsqueerseh@wiley.com,Female,196.61.40.174
523,Ginger,Saban,gsabanei@google.co.jp,Male,46.238.0.226
524,Iolanthe,Louch,ilouchej@slashdot.org,Bigender,229.203.54.71
525,Jemima,Raffin,jraffinek@baidu.com,Female,56.237.241.192
526,Ivan,MacAdam,imacadamel@miitbeian.gov.cn,Non-binary,4.90.64.196
527,Dani,Headland,dheadlandem@jiathis.com,Female,164.227.30.115
528,Hyacinth,Twatt,htwatten@europa.eu,Female,5.10.57.0
529,Appolonia,Skupinski,askupinskieo@biglobe.ne.jp,Female,149.32.198.142
530,Lukas,Juliano,ljulianoep@baidu.com,Genderfluid,246.20.223.59
531,Wilhelm,Jeffreys,wjeffreyseq@zdnet.com,Male,126.191.140.80
532,Cass,Boutflour,cboutflourer@seesaa.net,Female,191.175.58.63
533,Tasha,Offen,toffenes@wiley.com,Female,141.159.125.194
534,Hale,Parish,hparishet@paginegialle.it,Male,71.60.128.188
535,Normie,Gooddy,ngooddyeu@myspace.com,Male,221.49.244.227
536,Kylie,Petre,kpetreev@va.gov,Male,33.58.218.165
537,Irwinn,Hadgraft,ihadgraftew@hostgator.com,Male,18.38.200.181
538,Granville,MacLucais,gmaclucaisex@jalbum.net,Male,63.26.10.60
539,Moe,Villiers,mvilliersey@deliciousdays.com,Male,218.192.203.15
540,Giavani,Willgrass,gwillgrassez@businessinsider.com,Genderqueer,166.254.251.219
541,Anastasia,Baffin,abaffinf0@bbc.co.uk,Female,66.186.117.163
542,Iver,Gawthorp,igawthorpf1@booking.com,Male,82.158.21.158
543,Claribel,Cosley,ccosleyf2@networksolutions.com,Female,146.255.232.78
544,Pammie,Pudsall,ppudsallf3@facebook.com,Genderfluid,238.194.64.189
545,Sibilla,Natalie,snatalief4@php.net,Female,168.184.173.226
546,Ketti,Havick,khavickf5@cornell.edu,Female,129.110.181.105
547,Ingemar,Murrthum,imurrthumf6@twitpic.com,Male,84.153.46.200
548,Fletcher,Hedingham,fhedinghamf7@cpanel.net,Male,54.59.128.234
549,Bernie,Benettolo,bbenettolof8@elpais.com,Female,193.73.203.90
550,Thedrick,Addams,taddamsf9@fotki.com,Male,154.109.242.182
551,Hashim,Hendrikse,hhendriksefa@dion.ne.jp,Non-binary,50.158.62.0
552,Gasparo,Siddele,gsiddelefb@exblog.jp,Male,174.37.55.245
553,Adara,Linner,alinnerfc@baidu.com,Female,50.20.181.175
554,Vera,Arboin,varboinfd@dot.gov,Female,184.207.11.163
555,Emelina,Powelee,epoweleefe@cnbc.com,Female,239.4.99.247
556,Joelie,Barwis,jbarwisff@lycos.com,Female,233.169.31.172
557,Cher,Flucker,cfluckerfg@wufoo.com,Female,17.130.176.88
558,Lester,Ghilks,lghilksfh@blogs.com,Male,206.244.201.203
559,Issy,Mackro,imackrofi@wordpress.com,Female,4.204.153.52
560,Alard,Bigley,abigleyfj@dedecms.com,Male,55.56.102.35
561,Lucy,Bodell,lbodellfk@symantec.com,Female,182.180.34.46
562,Malorie,Dundredge,mdundredgefl@gravatar.com,Female,78.29.107.106
563,Terence,Huske,thuskefm@jimdo.com,Male,177.88.151.221
564,Tallou,Scalia,tscaliafn@imdb.com,Female,26.94.28.149
565,Adolphe,Oakenford,aoakenfordfo@sakura.ne.jp,Male,6.159.62.225
566,Teddie,Blanshard,tblanshardfp@narod.ru,Male,134.192.111.40
567,Micheil,Tuxsell,mtuxsellfq@time.com,Genderqueer,17.216.88.222
568,Julissa,Rosengart,jrosengartfr@japanpost.jp,Female,46.132.118.136
569,Kat,Wiper,kwiperfs@google.ru,Female,96.226.40.11
570,Gawen,Muzzall,gmuzzallft@bbc.co.uk,Male,232.89.227.173
571,Brandy,Laphorn,blaphornfu@smugmug.com,Male,115.120.73.127
572,Freddie,Cardno,fcardnofv@blog.com,Male,105.124.209.182
573,Spencer,Carbin,scarbinfw@salon.com,Male,182.195.37.64
574,Tatiania,Vasyushkhin,tvasyushkhinfx@delicious.com,Female,195.2.148.148
575,Mirella,Gainfort,mgainfortfy@meetup.com,Female,140.71.189.185
576,Donny,de Najera,ddenajerafz@eepurl.com,Male,21.13.169.229
577,Jeramie,Jordison,jjordisong0@admin.ch,Male,100.105.115.225
578,Fredrick,Mildner,fmildnerg1@baidu.com,Male,49.48.149.213
579,Ruth,Perchard,rperchardg2@wsj.com,Female,173.144.210.200
580,Vic,Cookes,vcookesg3@wufoo.com,Male,44.177.196.62
581,Bryce,Heinzel,bheinzelg4@wp.com,Male,197.188.68.234
582,Georgie,Vowell,gvowellg5@goodreads.com,Male,145.211.171.56
583,Karlik,Curner,kcurnerg6@thetimes.co.uk,Male,230.163.254.105
584,Tedi,Embling,temblingg7@ebay.co.uk,Female,113.180.189.194
585,Arne,Skullet,askulletg8@w3.org,Male,140.29.250.202
586,Robena,Maides,rmaidesg9@jiathis.com,Female,164.64.161.25
587,Brianna,Haughey,bhaugheyga@yahoo.co.jp,Female,159.1.115.174
588,Carmelia,Vella,cvellagb@statcounter.com,Female,31.147.191.201
589,Dietrich,McMearty,dmcmeartygc@miibeian.gov.cn,Male,36.23.231.17
590,Emmie,McGiffie,emcgiffiegd@mediafire.com,Female,135.83.194.91
591,Inness,Hitzmann,ihitzmannge@live.com,Male,66.223.133.37
592,Clywd,Pogosian,cpogosiangf@gravatar.com,Male,88.66.51.5
593,Arlena,Tarpey,atarpeygg@histats.com,Female,100.0.120.181
594,Keenan,Briiginshaw,kbriiginshawgh@flavors.me,Male,187.166.15.234
595,Jennifer,Smaile,jsmailegi@independent.co.uk,Polygender,149.29.51.79
596,Karyl,Sayward,ksaywardgj@wp.com,Genderfluid,155.92.162.210
597,Trenton,Thornber,tthornbergk@nsw.gov.au,Male,226.57.10.0
598,Korry,Parsand,kparsandgl@about.com,Female,203.221.42.65
599,Simonette,Arson,sarsongm@e-recht24.de,Female,255.241.31.156
600,Arther,Joy,ajoygn@bbc.co.uk,Male,134.178.29.186
601,Thoma,Feldon,tfeldongo@toplist.cz,Male,244.2.178.47
602,Brett,Shemmin,bshemmingp@amazon.co.uk,Bigender,152.215.220.226
603,Winny,Klemmt,wklemmtgq@jimdo.com,Female,12.238.72.234
604,Cristina,Lilleman,clillemangr@jalbum.net,Female,123.184.165.164
605,Gayler,Rammell,grammellgs@dailymail.co.uk,Male,248.247.72.229
606,Gabi,Gather,ggathergt@illinois.edu,Female,5.41.126.182
607,Ronni,Carroll,rcarrollgu@wikimedia.org,Bigender,231.65.98.121
608,Petronille,O' Cloney,pocloneygv@hud.gov,Female,61.225.170.43
609,Ellery,Riquet,eriquetgw@plala.or.jp,Male,11.253.14.82
610,Keene,Izzard,kizzardgx@slideshare.net,Male,152.164.195.133
611,Tybalt,Spight,tspightgy@army.mil,Male,142.8.201.69
612,Harriett,Yell,hyellgz@google.cn,Genderqueer,205.41.72.247
613,Denyse,Bauer,dbauerh0@infoseek.co.jp,Female,62.127.6.17
614,Bria,Peatheyjohns,bpeatheyjohnsh1@blogger.com,Female,167.251.195.217
615,Gus,O' Molan,gomolanh2@gnu.org,Male,26.34.71.121
616,Max,Shillaber,mshillaberh3@arstechnica.com,Male,154.130.229.219
617,Martelle,Beggi,mbeggih4@gravatar.com,Female,17.169.140.36
618,Kathlin,Hutchins,khutchinsh5@sphinn.com,Female,214.240.253.19
619,Eba,Copson,ecopsonh6@constantcontact.com,Genderqueer,176.187.122.64
620,Arielle,Scardafield,ascardafieldh7@ehow.com,Female,114.55.14.239
621,Conroy,Pund,cpundh8@godaddy.com,Male,246.27.82.24
622,Cele,Flory,cfloryh9@arizona.edu,Female,94.129.97.15
623,Mick,Tadgell,mtadgellha@mapquest.com,Male,135.223.247.57
624,Janeczka,Heliar,jheliarhb@dion.ne.jp,Female,60.149.82.175
625,Estell,Pinnell,epinnellhc@ed.gov,Female,39.227.215.117
626,Sidonnie,Steggles,ssteggleshd@skyrock.com,Female,74.45.65.160
627,Papageno,Westhoff,pwesthoffhe@dedecms.com,Male,222.144.152.254
628,Miller,Turle,mturlehf@scribd.com,Male,102.244.246.15
629,Gisele,Boden,gbodenhg@google.pl,Female,84.64.252.208
630,Claudie,Merill,cmerillhh@shop-pro.jp,Genderqueer,182.245.8.114
631,Norris,Prosser,nprosserhi@soundcloud.com,Male,13.232.1.186
632,Jere,Yard,jyardhj@nyu.edu,Male,100.98.20.50
633,Susanetta,Bridal,sbridalhk@smugmug.com,Female,47.69.101.186
634,Rae,Penhall,rpenhallhl@google.com.au,Female,118.38.6.236
635,Molli,Keenan,mkeenanhm@kickstarter.com,Female,236.6.41.222
636,Marni,Dudderidge,mdudderidgehn@mac.com,Female,21.101.48.161
637,Walther,Prinn,wprinnho@jimdo.com,Male,76.102.160.76
638,Dionysus,Wauchope,dwauchopehp@fastcompany.com,Male,105.128.13.244
639,Martie,Stabler,mstablerhq@squarespace.com,Male,67.103.167.200
640,Wolf,Aubury,wauburyhr@blinklist.com,Male,29.247.80.227
641,Fidelia,Halahan,fhalahanhs@nymag.com,Female,213.160.197.96
642,Debi,Fernao,dfernaoht@va.gov,Female,228.65.54.34
643,Lem,Strodder,lstrodderhu@unesco.org,Male,143.39.77.246
644,Sascha,Styche,sstychehv@chronoengine.com,Female,54.50.209.97
645,Sharai,Stringman,sstringmanhw@github.io,Female,38.255.35.69
646,Bobby,Bauduin,bbauduinhx@wordpress.org,Female,57.230.250.181
647,Kacie,Mayberry,kmayberryhy@google.co.jp,Female,208.185.229.133
648,Beverlee,Brumfitt,bbrumfitthz@spiegel.de,Female,223.56.209.91
649,Norbert,Eustis,neustisi0@vk.com,Male,15.222.128.79
650,Carlynn,Pawelke,cpawelkei1@technorati.com,Female,55.158.245.83
651,Gian,Annear,ganneari2@php.net,Male,24.27.86.188
652,Leonora,Romaynes,lromaynesi3@amazon.co.uk,Female,225.186.26.94
653,Cobbie,Dampney,cdampneyi4@harvard.edu,Male,170.32.219.244
654,Devlin,Baseke,dbasekei5@ucla.edu,Male,114.241.113.160
655,Stafford,Shrubb,sshrubbi6@tumblr.com,Male,98.169.154.204
656,Novelia,Murkin,nmurkini7@fema.gov,Female,244.22.63.57
657,Belia,Malmar,bmalmari8@booking.com,Female,32.26.24.205
658,Carey,Heartfield,cheartfieldi9@stumbleupon.com,Male,19.190.75.164
659,Dominik,Broek,dbroekia@msu.edu,Male,233.0.206.71
660,Randi,Sill,rsillib@phpbb.com,Female,201.91.45.146
661,Jemie,Obray,jobrayic@answers.com,Female,142.194.69.37
662,Ches,Trudgian,ctrudgianid@businesswire.com,Male,211.68.63.189
663,Torey,Jumont,tjumontie@1und1.de,Female,249.204.234.9
664,Erik,Corbett,ecorbettif@jugem.jp,Male,189.13.36.150
665,Dwain,Diben,ddibenig@php.net,Male,240.83.124.102
666,Modesta,Horbath,mhorbathih@ustream.tv,Female,75.119.102.116
667,Webster,Riehm,wriehmii@nps.gov,Male,139.131.192.227
668,Spense,Seabert,sseabertij@independent.co.uk,Male,156.212.75.196
669,Dannye,Cleeton,dcleetonik@smh.com.au,Female,116.202.119.237
670,Giorgio,Maier,gmaieril@tripod.com,Male,150.130.131.5
671,Paula,Knok,pknokim@seesaa.net,Female,79.122.195.29
672,Annadiane,Drummond,adrummondin@goo.gl,Female,141.99.163.148
673,Roley,Vanyashkin,rvanyashkinio@yale.edu,Agender,55.193.163.250
674,Ansell,Stockoe,astockoeip@cafepress.com,Male,87.37.243.149
675,Obed,Lineker,olinekeriq@weather.com,Polygender,124.69.162.17
676,Vanda,Thorsen,vthorsenir@friendfeed.com,Female,35.165.30.161
677,Lexine,Wimms,lwimmsis@redcross.org,Female,242.76.164.141
678,Rodolphe,Elger,relgerit@goo.gl,Male,67.139.255.166
679,Ricky,Walthall,rwalthalliu@a8.net,Female,28.157.141.116
680,Kevyn,Danev,kdaneviv@usnews.com,Female,140.112.126.110
681,Sim,Nurse,snurseiw@example.com,Male,81.205.24.57
682,Allix,Gallamore,agallamoreix@dion.ne.jp,Female,28.117.55.200
683,Kamila,Loseke,klosekeiy@dyndns.org,Female,122.114.4.57
684,Bettina,Brittoner,bbrittoneriz@house.gov,Female,124.172.154.213
685,Cort,Carnie,ccarniej0@de.vu,Male,190.201.246.254
686,Cull,Beaglehole,cbeagleholej1@netlog.com,Male,117.151.181.165
687,Harri,Slite,hslitej2@t.co,Female,60.174.247.75
688,Will,Strickland,wstricklandj3@nytimes.com,Male,130.71.15.2
689,Shelly,Headington,sheadingtonj4@issuu.com,Female,69.61.223.167
690,Laney,Testo,ltestoj5@rambler.ru,Male,30.39.104.55
691,Austin,Iskov,aiskovj6@lycos.com,Male,78.25.119.39
692,Cathe,Stothert,cstothertj7@sbwire.com,Female,159.39.192.162
693,Tresa,Larmor,tlarmorj8@wp.com,Female,60.254.155.36
694,Rosy,Blague,rblaguej9@jimdo.com,Female,215.248.180.210
695,Jeralee,Harmes,jharmesja@behance.net,Female,83.63.158.57
696,Tulley,Germain,tgermainjb@businessinsider.com,Male,132.195.89.124
697,Nikolas,Knights,nknightsjc@salon.com,Male,234.119.135.95
698,Brianna,Cawt,bcawtjd@icio.us,Female,61.211.152.254
699,Ellyn,Knighton,eknightonje@ebay.co.uk,Female,98.39.21.5
700,Cally,Garrett,cgarrettjf@ucoz.ru,Polygender,79.239.88.53
701,Prescott,Deer,pdeerjg@bbb.org,Male,143.51.86.35
702,Welsh,Aveling,wavelingjh@vinaora.com,Male,205.63.9.175
703,Gustav,Odlin,godlinji@dailymotion.com,Male,10.250.18.98
704,Maryann,Pollicott,mpollicottjj@msu.edu,Female,193.228.191.167
705,Krissie,Andrioli,kandriolijk@tamu.edu,Female,11.165.39.149
706,Charleen,Oxtaby,coxtabyjl@1und1.de,Female,152.252.79.191
707,Jone,Fellgate,jfellgatejm@alexa.com,Male,223.140.75.86
708,Iggie,Simoes,isimoesjn@github.com,Male,155.34.193.139
709,Hershel,Tackley,htackleyjo@xinhuanet.com,Male,204.244.212.133
710,Roldan,Andreone,randreonejp@symantec.com,Male,0.95.154.39
711,Nevins,Goodoune,ngoodounejq@google.co.jp,Male,93.81.166.37
712,Margarita,MacBean,mmacbeanjr@alexa.com,Female,155.216.252.169
713,Tiphanie,Lineen,tlineenjs@paginegialle.it,Female,178.145.203.119
714,Kyle,Cousin,kcousinjt@wsj.com,Male,183.136.69.186
715,Victoir,Minchella,vminchellaju@prnewswire.com,Non-binary,185.198.145.192
716,Ketty,Mitkov,kmitkovjv@irs.gov,Female,61.167.174.241
717,Rosabella,McNabb,rmcnabbjw@amazonaws.com,Female,241.166.204.125
718,Jedediah,Frain,jfrainjx@nymag.com,Male,248.81.182.131
719,Sterling,Wall,swalljy@bing.com,Male,49.46.41.203
720,Kerr,Mountjoy,kmountjoyjz@odnoklassniki.ru,Male,70.241.130.157
721,Emelda,Skillington,eskillingtonk0@ted.com,Female,173.141.216.105
722,Alverta,Malafe,amalafek1@slideshare.net,Agender,127.108.204.69
723,Warner,Dalgliesh,wdalglieshk2@jiathis.com,Male,190.48.17.30
724,Lian,Roo,lrook3@prweb.com,Female,174.189.239.223
725,Tannie,Marflitt,tmarflittk4@infoseek.co.jp,Male,191.52.49.216
726,Robyn,Egarr,regarrk5@mlb.com,Female,208.192.241.211
727,Jacquie,Keme,jkemek6@google.com,Female,138.59.87.133
728,Hildy,Cummine,hcumminek7@clickbank.net,Female,150.125.197.25
729,Kass,Medcalfe,kmedcalfek8@last.fm,Female,151.217.254.246
730,Victor,McIlmurray,vmcilmurrayk9@ucsd.edu,Male,213.104.42.235
731,Herrick,Martinuzzi,hmartinuzzika@delicious.com,Male,89.82.114.213
732,Renado,Vella,rvellakb@symantec.com,Male,150.40.149.157
733,Rodolfo,Goodge,rgoodgekc@istockphoto.com,Male,90.106.100.184
734,Danyelle,Obern,dobernkd@telegraph.co.uk,Female,91.174.161.83
735,Brade,Gartell,bgartellke@nps.gov,Male,252.35.221.144
736,Doria,Barrim,dbarrimkf@bloglines.com,Female,197.243.97.28
737,Arther,Hanselmann,ahanselmannkg@bravesites.com,Male,190.5.152.161
738,Henderson,Mushet,hmushetkh@vimeo.com,Non-binary,124.5.139.85
739,Omar,Ewbanks,oewbankski@reuters.com,Male,6.80.28.131
740,Harley,Dubois,hduboiskj@techcrunch.com,Male,118.151.236.32
741,Far,Perview,fperviewkk@twitter.com,Male,176.192.225.207
742,Annis,Revely,arevelykl@sakura.ne.jp,Bigender,135.188.160.191
743,Alvina,Shark,asharkkm@mail.ru,Female,33.27.109.234
744,Lynnea,Currall,lcurrallkn@t.co,Female,104.239.126.20
745,Aurea,Tollit,atollitko@hp.com,Female,172.1.116.98
746,Pete,Takkos,ptakkoskp@usatoday.com,Male,148.158.12.21
747,Aurie,Hoovart,ahoovartkq@umich.edu,Female,135.226.212.221
748,Zonda,Michiel,zmichielkr@123-reg.co.uk,Female,95.227.101.197
749,Sigrid,Thurgood,sthurgoodks@ted.com,Female,207.24.29.61
750,Jamima,Palin,jpalinkt@icq.com,Female,171.91.0.112
751,Meara,Betje,mbetjeku@netvibes.com,Female,23.105.88.231
752,Lyell,Varey,lvareykv@edublogs.org,Bigender,87.169.161.223
753,Cati,Jendrich,cjendrichkw@dailymail.co.uk,Female,9.76.182.9
754,Cyrill,Chastey,cchasteykx@wix.com,Male,232.105.113.57
755,Ansel,Tolson,atolsonky@uol.com.br,Male,22.249.55.137
756,Reggie,Haysey,rhayseykz@thetimes.co.uk,Male,75.147.215.235
757,Renault,Stobart,rstobartl0@ameblo.jp,Male,37.32.54.170
758,Krisha,Saurin,ksaurinl1@g.co,Male,187.208.23.69
759,Morrie,Garwill,mgarwilll2@apple.com,Male,73.26.28.227
760,Brande,Weiser,bweiserl3@sun.com,Female,22.158.195.140
761,Morgan,Winsbury,mwinsburyl4@blinklist.com,Male,105.97.105.146
762,Jessica,Durak,jdurakl5@howstuffworks.com,Female,41.240.192.125
763,Granny,Muckleston,gmucklestonl6@phpbb.com,Male,170.1.177.65
764,Sheffie,Antoszczyk,santoszczykl7@hubpages.com,Male,46.147.84.115
765,Gwendolen,Tackley,gtackleyl8@craigslist.org,Genderfluid,247.226.73.127
766,Kerstin,Rowney,krowneyl9@chronoengine.com,Female,120.190.126.67
767,Guillema,Mensler,gmenslerla@ameblo.jp,Female,187.90.131.47
768,Aigneis,Ezzy,aezzylb@ask.com,Agender,66.119.150.43
769,Randolf,Bartell,rbartelllc@soundcloud.com,Male,145.66.149.10
770,Willette,Thaine,wthaineld@oracle.com,Female,54.197.77.254
771,Martita,Ashmore,mashmorele@virginia.edu,Female,127.134.152.194
772,Demott,Nitto,dnittolf@yellowpages.com,Genderfluid,31.202.183.38
773,Maggie,Coverlyn,mcoverlynlg@seesaa.net,Female,253.188.177.139
774,Oneida,Olliff,oollifflh@spotify.com,Female,115.179.175.239
775,Derrik,Leward,dlewardli@seattletimes.com,Male,247.112.36.218
776,Carlina,Wharby,cwharbylj@wsj.com,Genderqueer,168.189.9.49
777,Jasmina,Oherlihy,joherlihylk@angelfire.com,Female,36.244.52.184
778,Jacquelyn,Brake,jbrakell@berkeley.edu,Female,248.16.97.26
779,Sullivan,Simons,ssimonslm@com.com,Male,54.98.160.52
780,Rriocard,Wilce,rwilceln@unicef.org,Male,214.178.148.38
781,Kippie,Landell,klandelllo@about.me,Female,174.150.160.95
782,Esmeralda,Klausen,eklausenlp@liveinternet.ru,Female,62.233.34.76
783,Biddie,Savil,bsavillq@artisteer.com,Female,159.188.131.233
784,Wyatan,Ker,wkerlr@europa.eu,Male,136.214.126.97
785,Hewe,Denyukin,hdenyukinls@cbslocal.com,Male,186.198.211.248
786,Lyon,Gouly,lgoulylt@marriott.com,Male,0.230.83.63
787,Rochella,Sallan,rsallanlu@google.ca,Female,162.204.112.36
788,Karl,Worswick,kworswicklv@themeforest.net,Male,59.52.63.142
789,Pauly,Dandy,pdandylw@nymag.com,Male,89.185.120.129
790,Bronson,Hambatch,bhambatchlx@feedburner.com,Male,164.76.87.203
791,Rosamond,Vere,rverely@biblegateway.com,Female,217.148.240.228
792,Prentice,Rillstone,prillstonelz@privacy.gov.au,Bigender,23.200.119.196
793,Leonhard,Denkel,ldenkelm0@bloomberg.com,Male,12.108.184.131
794,Carolina,Bunford,cbunfordm1@slate.com,Female,136.240.250.203
795,Derwin,Extill,dextillm2@usgs.gov,Male,47.124.58.184
796,Nicko,Glyn,nglynm3@clickbank.net,Male,160.35.67.246
797,Fabe,Bedell,fbedellm4@ycombinator.com,Male,54.54.92.129
798,Darrelle,Duffin,dduffinm5@csmonitor.com,Female,172.110.143.18
799,Elane,Duxbury,eduxburym6@last.fm,Female,100.89.117.149
800,Barnaby,Tomalin,btomalinm7@bloglines.com,Male,82.237.3.26
801,Thornton,Casseldine,tcasseldinem8@imgur.com,Male,18.157.28.237
802,Abraham,Shelmardine,ashelmardinem9@hexun.com,Male,209.179.83.83
803,Alethea,Ings,aingsma@tinypic.com,Female,244.107.93.136
804,Irv,Creus,icreusmb@github.com,Male,189.154.55.127
805,Agata,Rieme,ariememc@histats.com,Agender,33.132.244.184
806,Bernita,Stanyland,bstanylandmd@yahoo.co.jp,Female,80.37.254.210
807,Verla,Handling,vhandlingme@devhub.com,Female,31.244.131.249
808,Cyrillus,Rosel,croselmf@gov.uk,Male,7.242.118.29
809,Millicent,Edgeson,medgesonmg@surveymonkey.com,Genderqueer,172.126.253.186
810,Heidie,Arpur,harpurmh@angelfire.com,Female,2.226.245.157
811,Jayme,Jeandeau,jjeandeaumi@4shared.com,Polygender,219.156.88.134
812,Sal,Savery,ssaverymj@npr.org,Female,210.223.170.160
813,Caro,Manna,cmannamk@google.es,Female,146.44.156.19
814,Noak,Idwal Evans,nidwalevansml@wufoo.com,Male,211.42.196.209
815,Clair,Gilcriest,cgilcriestmm@microsoft.com,Female,244.226.215.54
816,Ravi,Broxup,rbroxupmn@bloglines.com,Male,139.212.123.163
817,Andre,Betteney,abetteneymo@ameblo.jp,Male,242.123.131.250
818,Lazare,Hallahan,lhallahanmp@narod.ru,Non-binary,134.208.136.80
819,Aldric,Nisot,anisotmq@intel.com,Male,62.156.107.32
820,Rod,Myrick,rmyrickmr@blogspot.com,Agender,116.186.240.110
821,Ursa,Housiaux,uhousiauxms@stumbleupon.com,Female,249.87.113.217
822,Brucie,Scane,bscanemt@usa.gov,Male,86.90.9.198
823,Lyle,Cardus,lcardusmu@google.pl,Male,230.40.45.180
824,Saudra,Averall,saverallmv@ucla.edu,Female,150.143.115.47
825,Rickey,Okey,rokeymw@bravesites.com,Male,116.74.217.237
826,Jarib,Ughetti,jughettimx@google.es,Male,71.137.152.63
827,Leilah,Pieroni,lpieronimy@bbc.co.uk,Female,154.64.54.116
828,Cora,Vesque,cvesquemz@ihg.com,Female,143.78.182.250
829,Willamina,Coddrington,wcoddringtonn0@plala.or.jp,Female,11.100.226.100
830,Lisette,Desson,ldessonn1@cloudflare.com,Female,196.137.11.137
831,Ferrel,Cockrill,fcockrilln2@who.int,Male,13.147.5.185
832,Thorsten,Pomfret,tpomfretn3@sfgate.com,Genderfluid,97.240.216.36
833,Lorant,Gerritsma,lgerritsman4@goo.ne.jp,Male,161.109.92.207
834,Marti,Fontes,mfontesn5@jimdo.com,Female,198.227.172.76
835,Isabella,Hartless,ihartlessn6@prnewswire.com,Female,190.243.227.253
836,Kylie,Alenin,kaleninn7@livejournal.com,Male,55.195.211.11
837,Edlin,Scottini,escottinin8@histats.com,Male,123.233.194.220
838,Eziechiele,McGlone,emcglonen9@wordpress.com,Male,196.117.213.179
839,Brook,Allward,ballwardna@japanpost.jp,Male,105.216.7.63
840,Agretha,Cahill,acahillnb@irs.gov,Female,102.200.11.101
841,Rozalie,Rattenberie,rrattenberienc@tripadvisor.com,Female,65.149.250.100
842,Susan,Lawrenson,slawrensonnd@de.vu,Female,150.68.112.187
843,Rob,Beckles,rbecklesne@goo.gl,Male,253.220.53.120
844,Michele,Reditt,mredittnf@usgs.gov,Female,198.2.133.44
845,Lorie,Moyce,lmoyceng@marriott.com,Female,103.81.64.209
846,Prince,Dufore,pduforenh@bluehost.com,Male,200.4.162.50
847,Glori,Jagiello,gjagielloni@usa.gov,Female,213.76.245.226
848,Vivyanne,Campsall,vcampsallnj@irs.gov,Female,29.117.81.117
849,Marve,Philipsen,mphilipsennk@adobe.com,Male,218.42.10.81
850,Jobie,Phair,jphairnl@vistaprint.com,Female,186.255.11.133
851,Vina,Karlqvist,vkarlqvistnm@opera.com,Female,22.87.123.146
852,Tildy,Kirlin,tkirlinnn@time.com,Female,78.157.104.169
853,Elnora,Milkeham,emilkehamno@theglobeandmail.com,Female,164.239.155.10
854,Ailis,McLoney,amcloneynp@webnode.com,Female,96.178.181.237
855,Mathias,Waslin,mwaslinnq@chronoengine.com,Male,214.94.214.146
856,Irita,Scandroot,iscandrootnr@baidu.com,Female,112.88.150.107
857,Delphinia,Sheahan,dsheahanns@tinypic.com,Female,254.221.35.169
858,Catha,Le Noire,clenoirent@sciencedaily.com,Female,76.171.42.162
859,Timothy,Clewley,tclewleynu@e-recht24.de,Male,35.104.15.182
860,Fidela,Boldry,fboldrynv@wufoo.com,Female,166.100.238.203
861,Leland,Moogan,lmoogannw@scientificamerican.com,Male,113.48.109.2
862,Germaine,Rizzotto,grizzottonx@ameblo.jp,Agender,149.117.57.122
863,Gaynor,Seaborn,gseabornny@comsenz.com,Female,248.107.93.255
864,Licha,Broxholme,lbroxholmenz@nymag.com,Female,21.113.227.76
865,Scotty,Corrigan,scorrigano0@list-manage.com,Male,215.89.184.242
866,Ernest,Askin,easkino1@baidu.com,Male,10.29.196.132
867,Rebekah,Mordecai,rmordecaio2@miitbeian.gov.cn,Female,84.59.94.123
868,Fancy,Dougan,fdougano3@meetup.com,Female,24.24.153.172
869,Desiri,Hassan,dhassano4@twitpic.com,Female,194.30.44.47
870,Carlina,Thorne,cthorneo5@nyu.edu,Female,62.163.17.191
871,Chrystel,Crosen,ccroseno6@rakuten.co.jp,Female,62.21.60.149
872,Mahmoud,Jindacek,mjindaceko7@chron.com,Male,78.212.98.11
873,Marney,Flegg,mfleggo8@comsenz.com,Polygender,123.152.183.82
874,Ronalda,Faithfull,rfaithfullo9@google.com.br,Female,57.22.128.38
875,Abbi,Sallans,asallansoa@mysql.com,Female,177.34.202.167
876,Jessalyn,Hallwell,jhallwellob@github.io,Female,123.91.136.146
877,Veronique,Bonder,vbonderoc@usa.gov,Female,187.101.108.208
878,Augusto,Ruppertz,aruppertzod@yale.edu,Agender,118.244.0.96
879,Lynna,Cuthill,lcuthilloe@indiegogo.com,Female,47.169.229.228
880,Torrance,Coatts,tcoattsof@netvibes.com,Male,211.41.20.102
881,Frants,Isworth,fisworthog@hibu.com,Polygender,102.114.6.108
882,Franz,Aicken,faickenoh@gravatar.com,Male,94.208.27.247
883,Elizabeth,Paula,epaulaoi@seattletimes.com,Female,69.247.126.150
884,Evangelin,Dowda,edowdaoj@google.es,Female,19.6.89.37
885,Stanly,Bliben,sblibenok@imageshack.us,Male,191.21.177.77
886,Ame,Bonnyson,abonnysonol@nba.com,Female,112.109.94.141
887,Kurt,Tourot,ktourotom@php.net,Male,208.12.212.157
888,Drucie,Capelin,dcapelinon@hp.com,Female,248.58.95.26
889,Alan,Micco,amiccooo@jimdo.com,Male,170.25.119.112
890,Lindsy,Fearfull,lfearfullop@netvibes.com,Female,213.186.250.13
891,Rana,Langabeer,rlangabeeroq@businessweek.com,Female,165.176.214.96
892,Mata,Donett,mdonettor@ox.ac.uk,Male,86.95.156.225
893,Tamarah,Ivannikov,tivannikovos@ycombinator.com,Female,254.161.168.212
894,Evvie,Piffe,epiffeot@smugmug.com,Genderfluid,242.206.169.128
895,Axel,Prestland,aprestlandou@google.de,Male,187.100.23.254
896,Maggy,Meadows,mmeadowsov@wikispaces.com,Female,103.163.79.103
897,Jorge,Polk,jpolkow@1688.com,Male,9.135.11.128
898,Von,Cordero,vcorderoox@whitehouse.gov,Male,145.139.152.133
899,Virgina,Cowmeadow,vcowmeadowoy@unesco.org,Female,50.120.246.152
900,Hyacintha,Hearson,hhearsonoz@spotify.com,Female,166.202.3.134
901,Zebadiah,Dempster,zdempsterp0@tmall.com,Male,121.49.54.14
902,Claudio,Sings,csingsp1@e-recht24.de,Male,114.181.81.37
903,Lefty,Wollers,lwollersp2@army.mil,Male,221.3.250.44
904,Cecily,Noice,cnoicep3@photobucket.com,Female,96.86.186.227
905,Tobit,Perrottet,tperrottetp4@webmd.com,Male,165.11.229.225
906,Roxie,McClifferty,rmccliffertyp5@blogger.com,Female,101.61.220.211
907,Uri,Lyosik,ulyosikp6@fda.gov,Male,190.212.160.177
908,Davin,Palin,dpalinp7@blogger.com,Male,143.204.91.0
909,Giles,Eburne,geburnep8@rediff.com,Male,139.150.50.2
910,Davon,Kissack,dkissackp9@hc360.com,Male,28.17.184.46
911,Aline,Wareham,awarehampa@nymag.com,Female,201.226.16.168
912,Jane,Maclaine,jmaclainepb@sciencedaily.com,Female,63.65.25.92
913,Paten,Kaminski,pkaminskipc@home.pl,Genderfluid,197.70.14.254
914,Stevana,Stoving,sstovingpd@weather.com,Female,29.44.178.68
915,Mireille,Klimushev,mklimushevpe@hud.gov,Polygender,177.253.177.62
916,Wolfie,Middle,wmiddlepf@google.ru,Male,90.44.16.33
917,Nils,Fritz,nfritzpg@bigcartel.com,Male,139.42.62.126
918,Beau,Allabush,ballabushph@netvibes.com,Male,142.232.225.237
919,Gerianna,Avraham,gavrahampi@dell.com,Female,130.48.114.132
920,Harald,Pauleau,hpauleaupj@webeden.co.uk,Male,53.52.167.48
921,Chic,Ever,ceverpk@cafepress.com,Agender,176.85.239.117
922,Romona,Seth,rsethpl@latimes.com,Female,239.115.221.229
923,Lesley,Cattach,lcattachpm@purevolume.com,Male,70.186.178.146
924,Nonah,Volkers,nvolkerspn@bbc.co.uk,Genderqueer,201.196.105.84
925,Ania,Criple,acriplepo@cloudflare.com,Female,228.72.191.12
926,Hephzibah,Stopper,hstopperpp@naver.com,Female,249.242.220.179
927,Papagena,Spino,pspinopq@networksolutions.com,Female,42.129.132.219
928,Anya,Hartfield,ahartfieldpr@canalblog.com,Female,106.18.182.151
929,Barnie,Reide,breideps@gmpg.org,Male,192.38.30.79
930,Daffi,Wymer,dwymerpt@mozilla.com,Female,26.255.58.152
931,Morgan,Batchelour,mbatchelourpu@phoca.cz,Female,115.18.254.90
932,Filberto,Harby,fharbypv@whitehouse.gov,Male,52.31.70.88
933,Faustina,McKelvie,fmckelviepw@desdev.cn,Female,98.129.130.51
934,Emlyn,O'Tuohy,eotuohypx@issuu.com,Male,147.177.203.79
935,Dorita,Overland,doverlandpy@auda.org.au,Female,251.72.122.169
936,Alicea,Mannakee,amannakeepz@businesswire.com,Female,83.142.165.57
937,Constanta,Oswal,coswalq0@sfgate.com,Female,69.25.205.124
938,Emmie,Messom,emessomq1@wikimedia.org,Female,40.152.111.149
939,Isidor,Thying,ithyingq2@hubpages.com,Agender,248.236.60.152
940,Kelbee,Vasyutichev,kvasyutichevq3@nyu.edu,Male,175.123.76.174
941,Nicky,Phair,nphairq4@people.com.cn,Female,130.51.108.33
942,Tracie,Oliveto,tolivetoq5@plala.or.jp,Female,167.103.233.19
943,Gery,Caro,gcaroq6@sfgate.com,Male,73.101.78.122
944,Bobbie,Reynalds,breynaldsq7@ucoz.ru,Female,107.114.72.219
945,Ruperta,Marsie,rmarsieq8@huffingtonpost.com,Female,167.220.94.3
946,Filia,Ison,fisonq9@cyberchimps.com,Female,3.212.0.249
947,Ettore,Le Blond,eleblondqa@1und1.de,Male,70.57.52.69
948,Alaine,Nowick,anowickqb@ask.com,Female,23.162.158.131
949,Zeb,Churchard,zchurchardqc@elpais.com,Male,183.154.92.89
950,Thorndike,Gartshore,tgartshoreqd@house.gov,Male,105.224.247.64
951,Johnette,Steffans,jsteffansqe@ycombinator.com,Female,36.240.174.74
952,Cad,Sacks,csacksqf@lulu.com,Genderfluid,223.154.172.239
953,Arlina,Pailin,apailinqg@toplist.cz,Female,100.90.57.164
954,Doti,Rickardes,drickardesqh@prweb.com,Female,238.119.255.172
955,Jeanine,Sheppard,jsheppardqi@amazon.de,Female,227.108.5.202
956,Chalmers,Madeley,cmadeleyqj@cargocollective.com,Male,68.56.210.100
957,Fair,MacPike,fmacpikeqk@icq.com,Male,233.68.192.60
958,Guillema,Allum,gallumql@google.cn,Female,47.188.4.190
959,Arlena,Cudde,acuddeqm@latimes.com,Female,196.45.45.221
960,Belinda,Pinock,bpinockqn@pen.io,Female,47.228.188.89
961,Margareta,Startin,mstartinqo@google.cn,Female,180.135.21.66
962,Buddy,Hocking,bhockingqp@soundcloud.com,Male,6.231.166.8
963,Myrna,Beckhurst,mbeckhurstqq@cdbaby.com,Female,9.14.11.50
964,Rafaelia,Goulter,rgoulterqr@trellian.com,Bigender,35.55.242.184
965,Tilly,Lamberti,tlambertiqs@google.co.jp,Female,211.38.161.42
966,Eddy,Gallichiccio,egallichiccioqt@dell.com,Non-binary,129.73.34.192
967,Talbert,Tapscott,ttapscottqu@bizjournals.com,Male,131.92.245.110
968,Fleurette,McGucken,fmcguckenqv@bloglines.com,Female,24.120.203.15
969,Earlie,Laight,elaightqw@vimeo.com,Male,38.146.98.55
970,Dal,Ship,dshipqx@google.nl,Male,13.59.158.134
971,Robbie,Perocci,rperocciqy@rambler.ru,Male,61.159.133.187
972,Jarvis,Jeffress,jjeffressqz@tripadvisor.com,Male,136.79.165.241
973,Kiri,Shakesby,kshakesbyr0@pbs.org,Female,104.84.130.77
974,Randa,Clohissy,rclohissyr1@archive.org,Female,134.157.230.222
975,Matthew,Bahlmann,mbahlmannr2@wunderground.com,Male,189.166.221.168
976,Cristiano,Whitney,cwhitneyr3@deliciousdays.com,Male,165.63.26.95
977,Cassandre,Norsister,cnorsisterr4@joomla.org,Female,80.99.39.75
978,Doy,MacHarg,dmachargr5@free.fr,Male,159.74.48.123
979,Ivory,Vassar,ivassarr6@nature.com,Female,141.156.120.175
980,Case,Anker,cankerr7@mozilla.org,Male,209.40.223.67
981,Calli,Durbridge,cdurbridger8@yahoo.com,Female,44.92.195.39
982,Tarra,Grinikhinov,tgrinikhinovr9@posterous.com,Agender,50.21.147.225
983,Mike,Meadows,mmeadowsra@go.com,Male,83.112.151.207
984,Paulita,Lyttle,plyttlerb@pen.io,Female,12.200.149.60
985,Bernarr,Andersen,bandersenrc@berkeley.edu,Male,55.122.53.184
986,Waring,Trickey,wtrickeyrd@xing.com,Male,161.153.14.212
987,Dorie,Chark,dcharkre@issuu.com,Female,75.139.209.138
988,Arda,Letchford,aletchfordrf@blogspot.com,Female,153.160.68.146
989,Dionne,Hooks,dhooksrg@lulu.com,Female,134.17.156.59
990,Benedicta,Gillmor,bgillmorrh@merriam-webster.com,Female,209.249.5.77
991,Carie,Corkett,ccorkettri@berkeley.edu,Polygender,79.187.78.94
992,Stern,Aldwinckle,saldwincklerj@blogtalkradio.com,Male,106.17.219.248
993,Pauly,Swiffan,pswiffanrk@shop-pro.jp,Male,48.37.92.233
994,Noelle,Wasmuth,nwasmuthrl@toplist.cz,Female,211.66.107.250
995,Meryl,Bisset,mbissetrm@yale.edu,Male,249.128.190.34
996,Cesya,Febre,cfebrern@freewebs.com,Genderfluid,5.5.140.4
997,Nanon,Alford,nalfordro@pen.io,Female,120.44.82.227
998,Eartha,Wensley,ewensleyrp@usa.gov,Bigender,201.96.56.30
999,Dani,Clotworthy,dclotworthyrq@constantcontact.com,Female,20.203.227.250
1000,Veriee,Gauntlett,vgauntlettrr@ihg.com,Female,93.135.175.106
